{
  "battle_won_mean": [
    0.0,
    0.0,
    0.0022123893805309734
  ],
  "battle_won_mean_T": [
    268,
    20320,
    40337
  ],
  "ep_length_mean": [
    33.5,
    28.162921348314608,
    22.14269911504425
  ],
  "ep_length_mean_T": [
    268,
    20320,
    40337
  ],
  "episode": [
    712,
    1616
  ],
  "episode_T": [
    20139,
    40151
  ],
  "epsilon": [
    1.0,
    0.617359,
    0.2371310000000001
  ],
  "epsilon_T": [
    268,
    20320,
    40337
  ],
  "grad_norm": [
    2.194145566168937,
    0.3397303639105215
  ],
  "grad_norm_T": [
    971,
    21029
  ],
  "loss": [
    0.11815496534109116,
    0.06306351721286774
  ],
  "loss_T": [
    971,
    21029
  ],
  "q_taken_mean": [
    0.013258156152758613,
    0.12393736528927053
  ],
  "q_taken_mean_T": [
    971,
    21029
  ],
  "return_mean": [
    1.921875,
    2.723490168539326,
    6.173637997787611
  ],
  "return_mean_T": [
    268,
    20320,
    40337
  ],
  "return_std": [
    0.30737993082665627,
    0.9771600124141427,
    1.9896010731846072
  ],
  "return_std_T": [
    268,
    20320,
    40337
  ],
  "target_mean": [
    0.0387589074556172,
    0.12161880583452755
  ],
  "target_mean_T": [
    971,
    21029
  ],
  "td_error_abs": [
    0.27660098797752,
    0.18062397432045119
  ],
  "td_error_abs_T": [
    971,
    21029
  ],
  "test_battle_won_mean": [
    0.0,
    0.20833333333333334,
    0.9166666666666666
  ],
  "test_battle_won_mean_T": [
    268,
    20320,
    40337
  ],
  "test_ep_length_mean": [
    28.375,
    46.291666666666664,
    26.041666666666668
  ],
  "test_ep_length_mean_T": [
    268,
    20320,
    40337
  ],
  "test_return_mean": [
    1.7734375,
    14.157552083333334,
    19.364583333333332
  ],
  "test_return_mean_T": [
    268,
    20320,
    40337
  ],
  "test_return_std": [
    0.08522431339559151,
    3.1137098025131524,
    2.1143973132464695
  ],
  "test_return_std_T": [
    268,
    20320,
    40337
  ]
}