{
  "battle_won_mean": [
    0.0
  ],
  "battle_won_mean_T": [
    223
  ],
  "ep_length_mean": [
    27.875
  ],
  "ep_length_mean_T": [
    223
  ],
  "epsilon": [
    1.0
  ],
  "epsilon_T": [
    223
  ],
  "grad_norm": [
    2.4323613900099526
  ],
  "grad_norm_T": [
    960
  ],
  "loss": [
    0.1272711157798767
  ],
  "loss_T": [
    960
  ],
  "q_taken_mean": [
    0.04160926739374796
  ],
  "q_taken_mean_T": [
    960
  ],
  "return_mean": [
    1.9453125
  ],
  "return_mean_T": [
    223
  ],
  "return_std": [
    0.4774581747061726
  ],
  "return_std_T": [
    223
  ],
  "target_mean": [
    0.06592212518056234
  ],
  "target_mean_T": [
    960
  ],
  "td_error_abs": [
    0.27141656875610354
  ],
  "td_error_abs_T": [
    960
  ],
  "test_battle_won_mean": [
    0.0
  ],
  "test_battle_won_mean_T": [
    223
  ],
  "test_ep_length_mean": [
    24.125
  ],
  "test_ep_length_mean_T": [
    223
  ],
  "test_return_mean": [
    0.2890625
  ],
  "test_return_mean_T": [
    223
  ],
  "test_return_std": [
    0.24791611957222548
  ],
  "test_return_std_T": [
    223
  ]
}